Coord_x,Coord_y,ISOS_z,ISOS_Size_x,ISOS_Size_y,COST_z,COST_Size_x,COST_Size_y,"Cone_Type(L=1;M=2;S=3; Undertermined=4, can ignore)"
4,67,31.36231753,6.665579423,10.94492933,58.86782206,7.969192234,9.553128592,1
4,91,30.84196136,12.49368859,17.10226756,57.43389262,10.71764547,12.61983545,1
4,133,32.19337605,9.745213629,10.88807096,58.62010622,14.18778949,13.29161388,1
4,154,32.17976909,8.416609314,10.98838602,58.07566355,11.45297208,11.70914572,1
4,171,31.78266005,7.934489893,8.451560402,56.73555139,11.08644124,10.34044687,1
5,29,32.84402628,9.684159096,11.85782966,60.72055673,15.13517416,9.566574964,1
5,144,32.60028797,9.793442334,10.32764257,60.53000923,12.20476914,13.42648426,1
5,244,31.73812444,10.24704189,9.13839006,57.25259291,17.01512397,8.930134381,1
5,256,32.05979224,10.44866631,10.74014359,60.33467346,13.12002136,11.07635777,1
7,37,33.03200895,8.526542125,9.066807453,60.15045255,14.95648392,12.67862551,1
8,52,28.72659302,13.12807426,12.24113629,59.1470016,11.06917264,12.10329986,1
8,82,30.92176837,10.49297936,9.16725817,58.28236247,10.43110092,9.527657072,1
8,233,32.28486422,7.734737094,9.481063232,61.71059482,8.271804485,8.191551489,1
9,188,32.34954423,5.954242144,9.975526624,60.96672518,7.712944379,9.801039252,1
9,209,31.40686761,7.305544538,9.911827837,61.5652562,12.15230302,9.403647264,1
11,23,32.29344591,8.354425433,11.73723124,59.238061,11.15913333,15.31384073,1
11,130,31.53145204,6.620674123,7.935007415,58.72205403,7.986961879,8.742814103,1
11,200,30.95602328,6.874845759,10.53786643,57.11508632,7.286286588,9.29333773,1
11,250,32.96709626,13.28032381,9.335314343,62.6584838,11.75573551,10.08575349,1
11,262,31.47956328,9.01069169,10.71629446,58.47888666,15.66376434,10.7628578,1
12,32,31.91875626,9.33608131,18.05671316,57.60076593,8.833681648,8.596056182,1
12,284,33.02963978,8.241671233,7.850728446,60.16954548,13.26002999,9.349875885,1
13,60,30.7014572,11.91194068,11.03849441,55.87380993,7.862628153,8.363789712,1
13,139,32.87766699,7.984257608,9.496653083,61.40557313,9.041763737,8.484924277,1
13,160,33.12533185,7.755446011,10.17634941,58.68810998,8.819147095,11.611282,1
13,226,32.38713078,7.741172161,8.595023413,59.18763648,11.02330559,13.52638167,1
14,79,31.36786082,8.067681072,9.327855255,57.6198282,10.6484274,11.77370827,1
14,148,31.98607307,7.007020173,7.4003169,60.4867517,9.545510679,9.807169568,1
14,178,31.37474242,10.41337551,14.18074361,56.80306694,10.07397266,14.93188894,1
15,42,29.33969061,8.475337072,9.182018591,58.57440459,9.315931104,8.444820272,1
15,52,29.11331737,10.71925144,8.472040117,58.55945749,8.340021907,8.94204434,1
15,215,31.75835296,7.775104349,8.28482918,59.51785046,8.689273748,7.833984604,1
15,239,33.07579401,7.083840516,8.054162959,61.34977036,7.94910048,7.765097544,1
16,5,31.39751274,7.352338555,9.084983553,61.83140519,12.61088529,12.01014222,1
16,192,31.95548588,7.937575967,11.7506781,56.98068419,8.018898804,10.298805,1
17,90,32.59574554,9.36719059,14.22201541,61.6633095,9.678294037,11.06766913,1
17,98,33.64386941,6.846903018,11.99524963,60.65711904,7.185675775,8.906412275,1
17,122,31.95019005,6.459348746,8.799507619,60.28311175,9.61915166,8.872787711,1
18,33,30.5103141,12.54695358,9.54214388,58.20038808,13.90770088,8.120672632,1
18,64,30.91851104,8.212323191,9.785499215,58.49717365,12.59613444,10.07347064,1
18,174,31.57363938,9.434112464,12.89372358,58.88892589,9.927395047,10.44840969,1
18,253,32.27592818,7.114776636,10.14885191,58.63861281,8.42005654,11.20477227,1
19,132,31.44808768,7.785294521,9.537364058,60.19904849,14.55149792,10.52833098,1
19,164,32.8409865,16.64827966,12.4244614,59.95584442,10.77708579,9.167051298,1
19,231,30.83890993,9.593890115,12.80996998,57.51190994,12.85412836,10.89627428,1
20,155,30.45733364,7.948887727,8.739311735,60.62191249,10.66108477,8.58124501,1
20,207,32.26200533,11.93179443,9.897085757,59.49850082,10.77703701,9.898532815,1
20,265,29.72551614,10.46891812,11.29430741,59.90712463,9.69177738,10.51904174,1
21,53,30.22710162,7.712712394,10.04580229,60.62134966,9.747450563,8.305134209,1
21,76,31.2666474,11.16797782,12.62230211,59.45398147,12.40291098,11.98950972,1
21,143,32.70848911,10.70804975,8.422222631,62.23939252,11.91949684,11.22955624,1
21,186,30.80026459,10.24339667,10.87179153,57.79749357,10.74004695,9.235434963,1
21,283,35.13785338,6.551286972,9.799691453,57.96938381,9.111957467,12.35412807,3
22,24,30.93195916,8.426287376,9.556282842,58.15917808,8.503790199,8.455860495,1
23,221,32.65748072,9.126286072,8.227220885,60.29100338,12.81279146,12.08121414,1
23,245,32.54785387,10.08031967,14.14101598,61.03382324,8.466059954,9.770357306,1
24,32,30.88824736,11.2525386,15.99280614,58.53312792,10.50701687,9.740332278,1
24,70,NaN,NaN,NaN,NaN,NaN,NaN,4
24,257,31.63935756,12.11342385,16.97094722,59.48733758,8.777614091,10.47375142,1
25,87,33.92078985,6.82476329,7.346649755,NaN,NaN,NaN,3
25,135,34.03309473,9.892942765,7.250653483,60.56509749,12.29088213,9.533891057,3
25,234,32.98094166,9.312103432,9.878071454,58.66657813,12.03644045,9.519322405,3
26,60,30.95813448,8.293865451,11.61896879,59.37570907,15.26808487,11.37866015,1
27,16,32.52741126,8.336902342,9.013763178,54.29408156,10.99441363,12.66398825,3
27,79,31.50679002,8.963256254,12.93040688,62.09566026,9.172749217,10.7802299,1
27,153,31.00297134,9.210945012,13.73227742,59.21574389,11.32036695,11.69948365,1
27,179,32.72862797,8.433417332,9.979642422,56.36820981,10.63572473,9.648335796,1
28,94,31.25835278,8.921796744,18.57098737,58.39068258,9.126036811,8.122284114,1
28,145,33.1821078,11.77366208,8.694216191,60.61393653,8.71432264,7.788080055,1
28,214,32.55161844,13.59268584,15.98908759,59.302197,15.48497527,9.524225986,1
28,287,32.49839864,12.31951422,8.994336323,58.87538981,8.936579273,7.921929999,1
29,38,31.53138403,8.526836416,8.946926124,62.90034968,10.78192839,9.968841888,1
29,191,30.28802503,7.986690058,8.519204303,56.59973637,8.791356361,9.083389185,1
29,200,31.41423691,8.193002036,8.383617234,58.40476339,8.104325177,7.593079533,1
30,6,32.41545693,10.57230368,9.050417577,59.19312095,10.29612063,9.285032703,1
30,70,30.47798187,8.324815579,9.2982445,58.20878725,9.869032881,9.640429833,1
30,253,31.82653737,7.840067002,7.225675646,60.28771735,10.31341154,7.888768489,1
31,126,31.04669377,9.393477673,11.91251568,61.30299426,14.41043395,10.09525917,1
31,224,33.03121864,8.21813709,8.347238485,58.79522175,9.179482212,9.446880447,1
31,242,32.15077593,8.940090935,12.36324665,65.27448463,11.98572458,9.363937337,NaN
33,45,32.08260528,11.18975349,17.15874523,57.61046467,11.30654518,10.47900223,1
33,108,32.21429453,10.36160633,9.976315294,61.29489047,10.88761945,8.777951792,1
33,136,30.94415891,10.79407136,10.07467097,58.75521646,9.586855297,10.33983156,1
33,181,34.52218045,6.697930908,7.104812549,59.72690644,8.778535188,9.135517396,3
33,280,30.84919763,11.03772096,9.871708468,60.96552481,14.27982432,11.43597911,1
34,61,30.66978045,18.09495456,16.05468632,57.28953054,15.29488125,10.57623713,1
34,153,31.57454874,17.42702759,15.00497855,59.40265013,10.7378843,11.00506019,1
34,163,30.9780191,7.380704496,12.13637793,58.55200969,12.05165028,9.231257623,1
34,202,32.59949391,11.68729478,11.82721933,58.38974574,12.24942996,10.61164077,1
34,233,32.34625082,6.120313604,8.192894972,59.81479767,7.522252412,8.968069955,1
35,116,31.47522899,7.519276778,9.758573463,58.25371514,8.285450282,8.504862205,1
35,261,32.49767186,9.427435381,13.33729599,60.05581512,11.76534982,9.825061517,1
35,271,32.65181939,8.810193803,10.73842378,60.24147292,9.865487826,9.255922151,1
36,38,29.11649226,19.54887645,13.83683031,59.07741435,19.92463264,15.26209806,1
36,144,32.8488217,6.852920479,7.490216023,59.8220225,8.435484229,7.830117948,1
37,173,31.44135097,7.278188675,16.13982735,59.26315176,7.921501295,13.24940808,1
38,190,32.54024208,7.711889678,8.538993723,58.03756477,9.433332663,9.39414734,1
38,241,30.8040155,6.740104407,9.331930451,57.43610174,8.155462571,9.14976623,1
39,93,29.99686069,11.26354202,11.40016042,59.76071711,11.86371445,10.62460334,1
39,126,32.42884701,19.61455496,11.5699942,59.74375184,13.26970426,10.72927698,NaN
39,134,31.41236565,7.551414401,8.617985076,60.73165411,9.12511472,10.35144473,1
39,289,31.76030084,8.651459519,9.050552313,57.77572656,13.26808453,13.04851651,1
40,274,31.76211832,10.76314947,15.39383799,60.8771783,12.74540207,12.86911101,1
41,44,30.63715698,7.758301038,11.92285995,58.93702572,10.22806296,8.462497657,1
41,64,30.97051225,7.456987089,11.08261637,57.03055476,10.0789127,9.355069525,1
42,25,30.89106788,9.861976825,18.59728557,57.59418228,8.755576422,10.83376604,1
42,201,33.53355907,7.966634231,8.782866754,59.30042566,8.710325957,8.429489208,1
43,35,30.14086258,7.622961641,12.62032601,56.01964514,8.297754659,10.42256178,1
43,74,30.82146764,6.660534699,8.765242956,58.99015024,9.760251604,9.527272211,1
43,211,34.6824661,8.397643018,8.463483015,62.88021469,8.891554445,9.698891287,1
43,234,30.44733945,9.446722003,14.38007671,56.8106888,10.64183949,12.69793469,1
45,14,32.76006738,7.543554954,13.75524056,60.45603204,9.222911029,10.62809718,1
45,137,30.43265506,8.352526079,8.670247105,53.18772174,7.796912518,10.74443779,1
45,219,33.80510466,7.101716058,8.271796249,61.28278269,10.52176194,9.594543689,3
45,253,32.73607192,7.15295588,8.38721197,58.80067868,9.802660242,8.986089527,1
45,286,31.93787401,8.809505841,9.558962453,57.15471053,11.46902737,13.63364056,1
46,99,37.84990216,6.286934647,7.683391949,55.00131963,7.998295822,11.27236639,3
46,117,30.93373213,9.423108358,11.94981083,59.44294582,8.310186871,8.870211143,1
46,156,30.28991762,7.372854702,11.84907018,58.11659317,13.13541459,14.11211477,1
47,59,31.04244229,7.251179477,9.596410894,60.18363601,14.34745266,13.04087947,1
47,88,31.02268419,10.10197318,13.86374145,60.51744216,8.903909398,11.24475862,1
47,129,32.73017805,8.160980282,9.059565795,57.97348074,11.09851982,12.00280427,3
47,194,33.24174044,6.045816338,9.714584738,58.4296361,8.511472792,11.34133354,1
47,274,34.33723591,8.998741301,9.822926827,58.86837356,14.47303668,12.20982419,3
48,145,31.3981273,11.78901994,19.11859215,59.30571097,13.51839965,11.63313826,1
48,202,33.92999699,14.90578133,10.85588043,61.67458742,8.377896154,7.941839873,1
49,18,33.91416264,7.768799261,10.39304719,57.10253411,8.839807898,15.54074775,3
49,183,31.13523367,19.48441095,12.30886064,56.27092961,11.01496543,9.510733042,1
50,9,29.93985228,7.798607876,8.768669203,56.99040676,9.393801031,10.59116596,1
50,239,34.38351104,9.151927645,8.601691982,62.25280877,11.47411755,8.952160902,1
51,52,32.11283569,8.398079479,9.730805465,61.13764992,15.45058654,9.738740424,1
51,116,30.82435143,6.696840853,8.710727481,57.60924894,9.510705383,8.069340186,1
51,249,33.52636314,11.05893775,10.0802384,61.56223918,11.79905415,12.60047659,1
51,260,31.66742829,7.968917995,10.41644537,57.0433679,9.938990249,11.81881747,1
52,35,31.19735212,16.97022615,12.72658266,59.29325359,15.0215205,14.44736608,1
52,153,29.09277658,10.01481522,10.8423219,57.98229795,9.545672891,9.628464539,1
52,222,33.18657149,7.931964706,7.707826219,61.82022182,12.78854793,18.60537608,1
53,94,30.87028736,7.167582869,10.99198689,59.38673216,10.23788662,15.20040179,1
53,273,34.10480558,8.946266446,10.36151008,59.48861786,9.679337792,8.98834844,1
54,105,32.20712851,10.45694133,14.01359705,59.69671825,9.256120683,10.00907486,1
54,231,33.05865557,6.526918025,7.848118832,60.36729826,11.33589503,10.36648328,1
55,13,29.49135694,12.68771029,15.68330727,58.54534064,11.83428246,12.6133021,1
55,84,31.42136292,9.191319438,11.21304953,57.45054512,8.210990892,8.74911275,1
55,187,32.96408011,7.603710114,7.806717997,60.26959833,8.132360916,8.488797646,1
55,289,32.70427217,8.589028523,8.840937728,57.01233261,7.607719435,10.14624585,1
56,144,31.93304979,6.650140575,10.28772314,60.00850701,7.55437253,10.80649327,1
57,39,31.07387063,17.30921109,15.1904044,58.29585057,13.57011731,9.350525436,1
57,132,31.29579762,13.07073602,18.27719373,57.97559311,12.4454554,10.63909596,1
57,263,32.46614908,10.50574518,10.57358234,57.72770932,12.98658411,11.1263884,1
58,280,32.85963659,7.806274969,8.234729012,59.73285367,9.11793269,8.790952696,1
59,92,31.18099549,7.465858969,16.73021732,59.68002235,11.76104969,13.83062939,1
59,156,30.4650068,7.777225474,15.79999358,58.92004744,9.401528773,10.13844508,1
59,168,31.9588181,6.564812773,9.955532016,59.54750075,9.399274786,8.658518649,1
59,236,32.27250756,9.852498507,10.85134637,58.51357318,13.6038581,13.57501648,1
60,45,31.79573758,7.948374055,10.66612103,60.83810301,9.95240249,9.235843559,1
60,178,32.43066271,9.339456152,12.35702602,58.98617634,9.1766865,9.508013148,1
60,223,32.01537217,7.525321886,10.50268223,60.7530691,15.04204178,17.31784894,1
60,254,34.73756816,12.79334682,9.986282754,60.26607176,9.476547949,10.49308486,3
61,5,31.56184227,7.960921498,10.8851456,61.68862261,11.75862404,10.69368716,1
61,193,31.36101677,9.733370597,8.570238873,56.47318643,15.11130202,10.41518022,1
61,202,34.05009665,7.956555476,10.12996435,60.65774334,8.985803428,9.43055249,1
62,17,33.33653024,7.630830648,9.74499237,62.25273403,10.912386,11.98578567,1
62,68,32.49498384,7.970872861,8.775401141,62.6644099,9.276628655,9.288861356,1
63,38,29.84838881,9.659787136,10.62925502,59.25646057,13.90479562,9.486286828,1
64,27,31.34043535,10.7911332,7.8342485,60.33454427,11.47535672,13.56097485,1
65,55,30.46363967,7.413543209,7.530084826,59.91026745,10.12211925,7.745452918,1
65,87,30.62618695,10.10144656,10.87799721,59.0024395,13.92985786,12.75263927,1
65,114,31.74782811,8.501571455,8.793607681,60.27969892,9.903205917,9.42039063,1
65,131,33.18266999,8.072651999,11.72196376,59.17547595,8.923305056,9.956138363,1
66,78,32.80877971,8.011362381,8.049420071,62.97535061,12.82764024,9.327513615,1
66,171,32.51407222,7.933807003,8.770955272,59.48021415,8.297360631,8.432820966,1
67,249,33.12259215,8.929205374,9.784088065,59.73786887,11.67122811,10.44341824,1
67,262,32.03581368,7.584878622,17.39829502,58.32799777,9.760286004,9.800165745,1
67,279,32.25210178,7.3566343,9.588520427,57.82744697,9.348684889,8.685376332,1
68,103,30.64933222,12.86822052,11.1357952,56.99048625,10.06929003,10.12473969,1
69,18,31.54195853,9.185475805,16.63472902,60.57188855,9.449427596,10.93465503,1
69,47,30.50275807,7.140433239,8.77948958,59.60573312,7.533438925,8.665928629,1
69,122,30.45490176,12.0286645,9.760610838,58.93305329,9.650883462,10.18691667,1
69,270,30.73786607,6.935508793,13.30900382,58.78360391,9.260745281,8.773720979,1
70,155,32.42010033,7.766900029,8.08896198,58.50574618,9.699643291,9.46836644,1
70,189,32.27614146,8.292194853,8.414633149,58.05686812,11.61934869,13.72878593,1
71,4,30.88150236,11.76083862,9.496035912,60.24655194,12.410314,9.137903082,1
71,169,31.17669296,11.14118281,9.578808943,57.88489549,11.32915099,9.857888783,1
71,226,33.09744491,7.141236891,8.952068317,60.89823838,8.703678311,8.915795711,1
72,39,31.50528691,13.90486596,14.38165213,59.42322753,9.130264162,10.69233615,1
72,84,31.58966089,10.19183617,18.4637916,61.22325403,10.0099764,12.35157094,1
73,147,30.5736969,10.48768025,10.21543417,56.96408571,15.66753563,8.805164825,1
73,247,33.56811371,9.703264895,7.354255822,58.07191199,11.16275951,9.465095025,1
73,257,32.00183324,8.346283058,9.486382746,59.18723955,7.261723825,9.972171838,1
74,77,30.75235769,8.949928685,10.56303073,57.81640187,16.11263459,9.586991045,1
74,120,32.53829678,8.734299841,8.307664315,56.56305493,12.0054593,10.98083574,1
74,212,31.76091251,10.13956267,14.458675,61.1520702,9.240079607,10.85325906,1
74,281,33.00373753,7.689928076,7.646533014,61.28212352,8.147862637,7.825096093,1
75,23,31.05347907,10.10527167,11.31580082,59.27378317,15.81623144,12.67141245,1
75,62,29.15983198,12.71792865,12.38786052,56.21532027,13.7749307,13.63529897,1
75,197,32.61250885,7.901352806,8.093415465,56.4167214,7.426145004,8.957163668,1
76,14,30.21373317,12.78250516,13.04503161,57.51828528,9.433962445,15.54924573,1
76,89,30.96463449,7.233280104,10.68229575,62.14294934,16.66440062,12.05165098,1
76,185,31.73173062,7.876038241,9.892223254,57.60578352,10.36817031,10.81802905,1
76,237,32.50683392,8.491779078,10.49256021,60.34772212,8.930508129,9.418459289,1
76,267,30.36149147,9.424827371,12.15803129,57.05952666,10.46442039,12.4139352,1
77,32,30.63196986,6.659503987,11.1518454,58.26826091,8.77717961,10.55583914,1
77,157,31.70895413,7.09904137,11.0728936,56.19457254,14.37674813,10.7916218,1
78,55,34.31565173,8.193835951,9.475851395,62.08168414,9.026936342,8.46604703,3
78,131,34.21440212,9.582981444,10.8035595,60.72976147,8.511493412,10.44345671,3
78,220,30.69734696,10.08126932,9.797469339,60.39086592,12.48760932,9.538824741,1
79,70,30.19362855,13.43739004,14.78008985,57.83335839,12.52116201,14.42370651,1
79,108,31.41786055,9.705939446,13.64840215,59.62864903,9.381039861,10.07679195,1
79,166,30.73408387,7.286387118,8.592350553,58.02540197,10.15875072,9.387653958,1
79,230,32.16271206,8.769126359,8.696346938,60.79419725,11.12903832,8.996946732,1
80,48,30.97566271,7.344887553,10.27648098,59.69641248,8.879584947,7.623484605,1
80,202,33.29870021,8.397730782,8.973606104,61.26217764,10.84391148,8.352197377,1
81,87,30.14199078,9.694637576,11.8414687,61.85427854,13.0943887,10.51544568,NaN
81,124,33.21928589,7.479607121,8.250201014,61.35471559,9.560612727,10.67455323,1
81,191,32.10024573,11.42243637,9.25951501,59.68651242,11.77910179,9.131486888,1
81,240,33.59289982,8.728138532,8.821608884,60.9619806,15.85315937,10.45515705,1
81,269,32.64036315,10.34895887,9.610170856,58.06478393,14.19957596,11.63692026,1
82,15,31.76003348,7.836808033,7.140481463,54.39162583,8.910856455,12.37989618,1
82,77,31.65145517,11.80951322,16.84541871,56.64438421,11.101222,15.71175657,1
82,211,33.14744338,8.458969488,9.153139496,61.18753986,13.88463871,11.10297204,1
82,280,32.81393111,11.27520114,16.02716707,58.27119711,9.629069569,8.958411275,1
83,21,32.17385634,8.683006505,17.56162324,64.44326989,9.920884065,11.25842384,1
83,66,31.13636579,6.96453221,9.574944613,59.58467859,8.615866566,8.90333234,1
84,7,30.40304729,9.285064222,9.418246165,57.26607449,9.571309639,9.627137006,1
84,179,33.31885963,9.169050384,10.20040273,59.79848065,8.809875292,8.138496528,1
84,289,32.65101634,8.167884749,10.56961366,57.14845248,8.53563523,8.244450345,1
85,31,32.19027999,15.55854071,13.90778626,69.51589837,8.802670145,8.279999656,1
85,102,31.6050911,5.79909521,7.68454694,59.39454684,7.813944981,7.470684311,1
85,229,33.13425699,9.2805484,9.25692444,58.44536535,7.802420425,8.328720301,1
85,259,31.26515852,9.474884973,14.03038703,57.27651101,8.803212152,9.533936272,1
86,58,31.62285576,7.631816922,7.720698531,60.39718719,8.307396665,7.870534896,1
86,110,30.84959716,11.3049108,13.96367046,59.05655179,10.04197534,14.08922763,1
86,219,31.23288674,7.497764391,8.489174134,56.59875417,14.65484386,14.03865076,1
87,41,31.26820997,8.372559702,13.73299486,58.78216479,7.048277876,9.649861694,1
87,50,32.46302352,7.605316221,9.949744084,61.23824729,10.39150945,9.516175771,1
87,169,36.8116327,8.008333739,7.702263575,65.99827877,7.954573335,7.376283597,3
87,268,33.18537682,11.19438451,15.25401164,61.37605432,10.30075851,9.324933674,1
88,162,32.63735316,8.36115761,11.55383201,58.25158746,12.0548513,9.689023049,1
88,200,33.06229306,8.213102535,13.01827998,59.112778,7.023188103,9.468236044,1
88,243,33.38988088,19.41032874,17.66145543,53.46657944,7.745805829,9.137395743,3
89,4,30.59000802,6.495019116,9.80595989,58.05673362,8.256764773,9.718315796,1
89,127,32.31273785,8.833325037,14.44416952,59.98256977,9.90623741,12.50512915,1
89,152,NaN,NaN,NaN,NaN,NaN,NaN,1
89,278,36.40916811,7.74705855,7.695656007,60.35609753,8.91702021,8.70948032,3
90,90,32.80764494,6.443951643,8.960049316,59.87762815,7.216205202,8.559450196,3
91,67,32.85355092,7.070638078,8.8922868,60.99116154,8.65488621,9.01938437,1
91,235,32.81937928,8.169730807,9.30806474,58.51244001,7.658925904,9.26481144,1
91,252,33.50043165,9.012616241,8.554929555,58.370863,11.98868068,9.261026288,1
92,74,30.4896724,7.04236951,8.72269317,60.68960941,12.6797067,10.79115901,1
92,107,32.23120894,7.802468065,9.76371047,59.56778936,11.65229804,12.9475071,1
92,119,33.75101936,11.59024669,9.884008917,61.40244397,10.94733944,8.513939006,1
92,261,32.2986827,8.154098368,10.7574919,57.4760794,8.925256651,9.251873726,1
92,288,32.82141763,8.131833551,8.336700334,58.59617084,12.38394835,9.861194493,1
93,40,32.28168051,8.082134112,9.482276183,60.82418757,15.4937385,9.640543143,1
93,52,30.84674352,7.059609028,13.13524482,58.0082771,8.76133675,9.279693405,1
93,215,32.1403676,7.654531645,8.143099637,62.26113906,7.962674545,8.460250611,1
94,23,30.4995123,8.387301709,16.49734397,58.02967082,8.652042252,9.394136358,1
94,160,32.9268505,8.291240315,10.83455782,57.65591445,7.698890457,10.29315122,1
94,181,32.8797841,8.038711373,6.802990868,60.98246164,16.82432994,15.08965712,1
94,191,30.2341034,8.138728984,10.70655707,56.41257338,10.25597278,11.38454423,1
95,59,31.01103007,8.350658651,9.869207745,59.17619792,10.42325204,9.187049483,1
95,202,30.99134465,9.448119498,10.4655173,58.06874353,15.58766582,11.69000318,1
95,241,31.97782504,7.567330928,8.379213019,59.41241258,9.694470319,10.16934666,1
95,270,31.38814075,7.756531478,10.89899449,58.16951408,11.38825007,14.78272587,1
96,101,31.43223938,14.67034456,8.502174915,60.00779702,16.36844566,8.439659308,1
96,128,35.29646629,16.49366833,14.01757733,60.2604618,9.814063708,10.78191405,3
96,276,32.19408268,7.569807827,9.755765119,57.40100808,8.345434721,9.230595108,1
97,17,30.17477083,8.257800172,9.068384749,57.34188395,13.60719245,11.74085973,1
97,34,31.8175579,8.856494203,9.363906138,59.33036164,8.254150939,8.37054094,1
98,45,31.2327208,9.91911918,10.11023728,59.70650983,11.7940035,14.82159872,1
98,93,31.77858458,9.901386373,9.249034097,60.44270113,11.04459739,7.859332956,1
98,114,30.42622704,8.422022865,10.35880558,60.01520981,9.516145978,11.09014627,1
98,231,32.14484195,6.819138235,8.444739134,58.22923163,10.7527665,9.465210803,1
99,135,31.48089311,10.59920385,8.549043784,58.99579316,13.909823,14.13926241,1
99,289,33.53407728,7.807553753,8.303085458,58.2892416,8.29533935,9.421880631,1
100,6,30.03582598,12.45062741,13.17809619,60.3494926,9.376162232,9.463784567,1
100,66,30.81549104,12.54098124,13.77307213,58.96231243,10.87573886,10.42832611,1
100,191,31.5939581,16.9139963,12.34311932,57.60494183,11.89349433,11.29469433,1
100,210,31.22638398,9.086607409,9.507373524,59.30872502,9.68740957,9.887091993,1
100,260,32.01988244,9.989011434,8.763118993,59.98940686,9.779741547,9.681892109,1
101,76,31.48335222,7.493540394,7.856764668,58.09118889,9.003468382,10.54208656,1
101,249,34.36675774,7.567373402,7.884550665,61.24649923,9.987945511,10.75549718,1
102,141,32.05975634,7.621904077,11.02611118,59.73213986,7.032468165,8.212962276,1
102,240,32.55865241,8.858518836,9.400304504,60.08910529,8.194393674,8.386282046,1
103,201,31.85367372,8.338634173,8.231927328,58.24470231,7.822999183,7.669949727,1
103,270,32.39529028,7.938926455,7.921668442,60.53982451,12.07846457,8.244087093,1
103,281,30.96095209,8.026992358,8.878238301,56.40465749,10.99899585,11.11637491,1
104,41,30.63332086,7.978829487,9.466613143,57.04639704,11.01572007,9.908103937,1
104,216,31.537137,9.56224354,11.16910405,58.45536094,9.327484996,8.437514096,1
105,8,30.55815895,10.73650521,8.777945984,60.44018599,14.79012227,8.837603327,1
105,148,30.38998185,7.060019469,9.701626098,55.41266383,7.993779812,9.798218907,1
105,169,33.32867381,7.074848297,9.592174564,61.47353587,18.13153639,9.82808322,1
105,228,32.86347346,7.424226808,9.727961817,60.2126548,7.453760243,8.297922242,1
106,17,29.09409673,10.81823748,11.85216067,57.75245076,10.12506419,9.354850286,1
106,64,33.34892602,7.869736104,9.349092269,60.64168234,9.773542172,10.93868266,1
106,82,31.11890841,9.413954521,19.95496362,60.00133605,8.637209238,8.568922576,1
106,257,32.09776244,13.60970639,17.14597983,58.33235765,8.630044631,10.67591304,1
107,137,31.89414493,9.683111272,16.79028652,60.09635449,8.680326658,10.390022,1
107,209,32.72207523,8.9771195,9.658609387,58.5198983,10.17934087,8.584181307,1
108,25,30.31453994,15.10530734,19.06083899,58.66473141,10.19954081,10.01592482,1
108,50,34.04961234,10.67932497,12.38541625,61.67776275,17.55543283,10.94873101,1
108,127,30.16080222,7.530415416,9.232615437,57.30978447,8.674450304,8.495362428,1
108,160,30.89541218,11.80110254,12.34318741,56.90762879,8.474616813,8.62967202,1
109,100,34.9944763,6.521130797,7.766223954,52.74257426,12.43956271,9.432905658,3
109,187,31.68611779,7.321105893,11.63706745,58.72027165,8.015446914,9.883481859,1
109,234,32.26464728,8.644848496,7.431017887,58.74273738,8.899257563,10.39070763,1
109,244,33.36408359,6.48990835,9.625268439,60.6193471,8.251223305,11.37566434,1
110,75,31.63852515,8.795584673,10.50779123,60.24309723,11.55930392,10.49634771,1
111,199,32.29595376,6.59523453,8.413143786,59.64923783,7.435475424,9.301611676,1
111,267,32.89432205,8.685719414,8.669399742,58.49626733,10.62012321,8.795779438,1
111,275,31.86969142,8.244229064,10.14820226,57.53979605,8.21708065,8.545937511,1
112,19,29.83350296,9.539296047,9.819949994,57.63358962,10.82586926,8.892274206,1
112,142,32.66798881,7.80647784,7.977609879,58.90793331,9.350703731,9.911527073,1
112,257,32.81132733,12.08049881,14.64366026,61.39354694,8.933022657,9.258928964,1
113,179,32.66805012,7.763999122,8.74205782,57.5262478,6.915045853,8.510423446,1
114,92,31.09690941,7.407081963,8.051488879,57.72350339,11.69009079,10.64464684,1
114,111,32.47298609,6.436826369,8.541394542,59.44279852,7.379614617,12.07273065,1
114,158,33.2479792,9.884913869,10.87318103,60.95535039,9.057783089,8.849551018,1
114,169,31.44368982,7.017538209,8.923327417,59.31161798,7.967031677,8.623199749,1
114,224,33.4732875,10.59304319,10.45190686,55.77612365,12.52189903,14.72305518,1
114,282,31.19833265,7.363919884,8.802840048,58.45944327,9.494342677,11.10211192,1
115,39,30.36011033,10.10237159,12.55455724,57.9074178,15.80425814,9.724795426,1
115,48,32.36116597,13.47380989,15.91776659,60.49197509,19.19555513,12.54659793,1
115,69,31.35885277,7.390733534,11.12888327,56.24428588,9.472440919,13.07968374,1
115,130,30.13566957,7.737159414,9.900586474,59.8985483,8.869623518,9.719975635,1
115,150,31.21506556,15.57034262,14.44130643,59.40645348,10.27107887,11.0962423,1
115,237,33.16933385,14.40956129,9.854803846,68.37700939,13.14490799,10.86734291,1
116,81,31.00430057,7.819773592,16.29327269,58.96158479,7.163285404,7.959243912,1
116,101,31.62433834,8.391612157,17.10840305,60.66564478,9.25652432,8.343112541,1
116,190,31.84547098,8.269792107,11.05043867,60.13729252,13.7633008,15.07043058,1
116,207,32.10512399,7.842904251,10.88451057,59.96339414,12.30343871,13.26739927,1
117,215,33.83566068,12.29386668,10.41716453,63.99628125,18.53688821,11.16984731,1
118,142,30.29320878,10.50922593,9.900662543,58.97735379,9.119840858,8.126050879,1
118,259,32.5723049,8.092132411,12.25053332,61.71487388,8.313652328,9.040826116,1
119,15,30.01342405,8.789387019,11.97013084,61.11955793,11.68668886,12.37724444,1
119,57,31.84850761,9.793686964,12.84689997,59.94495027,10.7282325,11.53694151,1
119,176,33.54370216,7.568246881,7.588709073,60.33381695,10.6433229,9.308691045,3
119,198,32.32909951,8.371389919,10.34999205,59.49559239,11.58947852,12.00346925,1
120,4,30.62007058,7.437107086,9.406037591,59.29505775,8.99543393,9.769534805,1
120,36,31.29176284,15.54184207,14.82492803,58.43136834,12.06984365,10.56822708,1
121,25,29.83593844,10.19314332,13.38145167,59.43152252,16.4611818,15.99508702,1
121,113,31.5444401,10.85455607,17.66618503,60.2180623,8.481917602,10.17817204,1
121,133,29.63617355,19.80630389,12.62732784,58.65869165,11.82975439,13.97346447,1
122,90,31.54258852,7.518552539,12.50030613,59.40964716,9.221404734,10.88434284,1
122,126,30.94991809,11.65090713,12.53411657,58.98198195,11.00595729,12.08866369,1
123,46,33.88898425,6.249338734,8.023645748,58.76484936,6.742176193,7.638766226,3
123,74,30.8828637,12.55275598,17.64177443,58.20527484,9.890448891,10.96401124,1
123,97,30.43836728,8.533716952,12.47581982,59.51662813,11.61268143,10.4428358,1
123,192,31.35077307,7.943294112,10.83482208,58.27638431,12.2307724,11.18288894,1
123,285,35.33245038,8.325560461,8.013653649,60.71854413,14.80411578,13.23301718,3
124,10,29.42969518,9.397739791,10.81378424,56.14405418,11.49999266,12.462006,1
125,174,32.35186972,8.149784553,13.73052486,60.17642572,7.302680623,8.988276072,1
125,202,32.62348011,10.17299395,8.711888762,60.61561415,9.988731938,9.169796393,1
126,19,30.67381369,10.81042657,12.04626786,58.41252923,11.31093393,12.24643492,1
126,31,30.98467699,9.418252276,18.68116173,56.01549333,10.71239333,11.42891329,1
126,141,30.70610968,7.228507835,9.304039951,55.44573931,8.335840251,8.069557061,1
127,149,30.2468075,9.225817582,13.33227892,57.19851848,12.45601712,8.890939883,1
127,241,33.03878328,9.840883989,8.686988007,58.73640533,8.871616635,11.87295754,1
128,64,29.26408741,10.35579533,13.92822698,56.48228399,9.852770127,10.68157286,1
128,122,32.87129506,7.673045531,8.75627367,60.21225762,8.982823809,11.3637104,1
128,157,33.02203814,8.371723654,8.945714644,59.6512526,7.311086719,8.364622681,1
128,233,33.10148719,13.02047213,14.9152273,61.80808387,8.310493277,8.692888641,1
128,264,32.26725099,8.920766709,13.11087345,61.23153062,9.11288409,9.495046609,1
129,40,30.44233206,8.37359628,14.53462624,57.67506976,8.769564863,11.72581,1
129,80,32.3425416,11.75123176,13.13455225,59.92272744,11.63797775,10.42367469,1
129,94,28.97271339,7.944514145,11.11145865,59.00061766,11.43738863,9.366531176,1
129,166,32.68733088,9.513799012,9.946265388,60.60338037,10.99527259,10.66880444,1
130,49,31.6601479,6.784983043,10.96622112,58.54108808,11.70991554,12.49080369,1
130,251,32.28834409,8.281009648,8.667442485,59.21630172,10.15800025,10.84478907,1
130,273,32.74019407,12.15347583,12.31088053,60.3016817,13.99997688,11.36427296,1
131,196,32.88252876,6.749263991,11.46689113,61.62170665,15.62618226,13.89118973,1
131,225,32.09308988,6.416693378,9.331011027,58.41319232,8.22605488,8.980036017,1
132,60,30.34560521,10.10289302,10.77578683,56.71295092,11.74214399,12.51085814,1
132,128,32.64089268,9.722916474,15.59950607,60.56592519,9.796287032,9.667216897,1
132,179,32.02220298,7.136162268,10.91770367,61.24632079,10.15321109,10.36755467,1
133,70,30.58751987,8.368674731,9.970726082,57.87821753,9.503776582,8.857867769,1
134,25,31.77424923,8.569573254,10.2090335,57.78793991,8.107822344,8.446323446,1
134,32,30.4969837,9.740080844,12.55740799,55.61743059,11.00003292,14.83356935,1
134,41,31.09603771,10.21456098,19.60429321,61.29360255,18.84981537,11.33093134,1
134,142,35.64607188,7.598656231,7.786378922,59.68000657,8.759589651,9.378052206,3
134,234,33.80217316,8.217257947,10.37601133,60.8963351,12.4856589,11.28567176,1
135,99,31.92312725,8.883621456,19.94425809,59.35599506,9.125531881,11.23541462,1
135,153,32.90134553,6.908268424,7.220958896,60.03776638,7.931744891,8.606934047,1
136,184,31.87398779,8.393071257,10.6073742,61.79089099,14.52357424,12.17886821,1
136,218,31.73869372,8.62400185,12.83393588,59.39430037,8.814190047,11.37345492,1
136,244,31.7857301,6.937974644,7.799580889,60.54931313,12.38846536,8.80676473,1
136,278,31.25599243,10.70157099,9.834688792,59.80387889,11.92076166,9.693898215,1
138,77,NaN,NaN,NaN,NaN,NaN,NaN,1
138,137,32.42625065,9.930516107,17.12812354,57.38202209,12.19537434,15.78643308,1
138,227,33.4921521,6.807508198,7.191345357,60.80558125,11.2650034,9.522242653,1
139,11,32.15238802,7.226025109,7.828315571,60.15086524,8.793848609,8.881443152,1
139,66,32.13626972,5.941397089,9.742411247,58.30804813,7.122767699,12.2763666,3
139,160,31.82478754,8.876369404,9.307071988,60.36007444,8.801066627,9.2995785,1
140,86,31.12407732,9.993966047,13.75944844,57.58744092,9.186846635,14.25709326,1
140,193,31.54597388,7.602205118,8.684820838,60.39293903,9.447410647,9.290591893,1
141,128,31.97532492,6.508653602,7.101375059,59.83154537,9.602715314,9.22766995,1
141,149,33.3715677,6.777228945,10.80719848,62.03650709,7.505507206,8.721307567,1
141,237,30.78133683,7.280453197,10.78082744,60.552184,9.15106956,8.395597197,1
142,35,33.45155096,8.013957527,8.958857543,59.34055935,10.14793894,9.357501052,3
142,171,33.33278399,12.03111791,10.44893486,58.90041349,8.232729529,13.21993183,1
142,182,31.95315717,6.569320593,8.460003653,59.44813996,6.037418823,7.276192564,1
143,281,NaN,NaN,NaN,NaN,NaN,NaN,1
144,76,31.82524898,10.08969838,11.77574005,60.16241547,15.79857271,10.36169145,1
144,217,31.50106242,8.926879662,13.90985196,58.8396576,13.70395828,11.56836757,1
144,244,32.37968515,6.655559624,7.435650741,55.99765251,7.692388919,8.810340881,1
145,56,32.52906892,9.644695094,11.87265565,60.8801958,10.25957925,13.19184285,1
145,200,30.34366436,10.99462949,12.53607771,56.2396145,12.29914647,8.784511482,1
145,256,32.71614148,8.579823569,8.715481664,60.44623583,9.023932342,11.71594714,1
146,69,30.64916163,8.568797314,11.42147819,60.01567999,11.96433495,10.04919956,1
146,229,29.20858499,9.521755031,9.256637353,55.69829465,8.649449057,9.529425344,1
147,12,30.04411316,8.477855664,12.82238458,58.44903759,8.773723413,9.112893491,1
147,121,32.09449484,7.101326854,9.126864538,60.8644483,7.77909318,9.155206381,1
147,134,32.75155973,9.071658278,14.58407068,59.64613529,8.284748745,9.4598915,1
147,280,33.55418546,7.800872889,8.202680193,60.90905352,12.19228516,7.174127104,1
148,85,29.62749327,15.58568188,12.71853149,58.32744485,11.74429508,12.01294201,1
148,158,32.18428253,7.140266644,10.13364285,61.14786746,10.64604697,8.751478104,1
148,266,31.68853043,8.569530032,8.837141662,57.6574486,10.18534342,8.832239876,1
149,168,32.95887311,9.623099678,17.9526606,59.09348751,15.07696626,12.07466859,1
149,209,34.44014627,9.013881983,12.71851358,56.73795737,6.493814965,7.908388472,3
151,116,31.84709682,6.960509758,10.94889201,60.39715943,9.549507594,10.30971031,1
151,178,32.67342739,7.981147919,12.84565918,62.55998381,9.110419006,10.52653934,1
151,237,33.54802356,8.517464804,9.378291139,59.03332289,8.083913934,9.234732687,1
151,249,34.25984863,8.575143862,7.625992366,60.32971159,9.674667665,13.87483441,1
152,89,32.47642472,10.89175662,17.42238031,60.07058071,9.138754279,11.51793344,1
152,129,32.11185011,7.829033657,11.28624039,59.23244635,10.77383676,10.88909059,1
152,271,30.77324218,10.24659053,19.68369635,56.13856905,12.76804628,11.14129922,1
152,283,32.85864502,10.48387445,11.31844952,58.69764165,19.05881191,15.02207876,1
153,51,29.13796617,9.922321183,13.53762082,55.90595211,7.363655309,11.13570509,1
154,12,32.60368314,7.416339101,9.335795519,57.96071412,14.49386893,11.49672354,1
154,107,30.41725819,8.131576106,11.37419368,58.79770837,8.891941266,8.429866869,1
154,150,31.5662126,9.863557771,13.05233571,59.15192219,8.888841482,14.08590746,1
154,160,32.48212654,11.17547239,10.97105712,60.1981528,10.13091489,9.586036856,1
154,229,32.44537007,8.737030869,12.43590564,58.40005097,8.841604343,10.38025391,1
155,82,31.59844958,7.721958279,16.98015194,59.30710655,10.70949128,11.08040922,1
155,139,34.04609666,13.30551964,15.84982156,NaN,NaN,NaN,3
155,196,32.87133475,7.987214194,11.55900052,60.98041755,12.38508844,9.09735728,1
155,205,32.07174838,8.650581959,12.68979858,62.00331224,6.570370549,8.1124832,1
156,60,29.98317252,8.802427749,11.46825032,55.20824295,6.817286999,10.79485422,4
157,20,29.88808903,7.788929492,13.01651677,57.45665375,7.424416468,9.186874246,1
157,41,28.80880925,7.750404487,10.44020575,57.17841366,9.07687543,9.689886922,1
157,71,33.90327676,7.557714146,7.829750352,60.41103995,8.265487927,9.244944643,3
157,172,32.0428597,9.031985953,10.04646345,61.65465709,12.04560116,9.934136464,1
157,217,31.85131329,8.495561191,19.98706703,58.97840624,6.870780591,12.54349673,1
158,132,32.17335251,10.33700927,10.83643755,59.0530418,7.692559034,8.535715755,1
158,277,32.97114191,9.510523988,17.10464469,61.11786963,9.882245862,10.30466051,1
159,4,30.48187174,8.991621062,10.93557582,57.42727349,9.642758882,11.38464629,1
159,183,31.23104773,8.40934223,12.41279353,59.27852393,7.812808648,7.797964265,1
159,227,31.46428134,7.581216031,8.82109206,59.72996417,8.073909936,8.51138827,1
159,256,33.25342092,8.243360369,11.36590039,60.35160342,12.24847031,10.92252382,1
160,88,31.56357143,8.83553075,12.16319317,60.692525,10.65503297,10.59004913,1
160,110,31.26030946,10.69091222,15.80378182,63.76001937,14.12683829,10.81880337,1
160,143,32.35868768,7.061563937,7.637521759,57.91480674,10.11954937,9.331068033,1
160,269,32.7077571,8.380340996,8.877637872,60.83841762,10.42171428,8.969609046,1
161,28,28.83677707,6.375496881,9.970597438,57.9981192,13.99260451,11.21370334,1
161,60,30.52450924,8.93115736,9.551287189,59.59046337,13.9089016,11.17013035,1
161,236,32.15199541,7.150525619,8.19980304,60.0226556,11.60638681,8.678074516,1
162,193,31.45844024,9.732583518,10.77044658,58.4179062,9.033633345,9.248698485,1
163,100,31.16206019,8.869864444,17.32901833,59.51728826,8.497475074,9.091952231,1
163,153,32.99261882,6.69177441,7.811887455,59.60118877,7.286313827,7.638981643,1
163,286,33.36234109,7.750785123,9.860699399,60.84718222,11.27243024,14.54804263,3
164,34,NaN,NaN,NaN,NaN,NaN,NaN,1
164,52,31.53473816,9.620801519,12.71904266,58.53185033,10.05594281,12.94504114,1
164,70,31.87444793,6.686009325,8.613318564,59.28140709,10.03037163,11.21419334,1
164,171,32.62240253,10.57885544,15.83788302,61.49649379,8.468513828,9.476745732,1
165,80,31.67120223,6.899086584,9.0923005,59.48434119,7.426440029,9.197417246,1
165,126,31.54022954,8.847102406,16.22186296,59.57536115,9.880482328,9.969756876,1
166,10,30.09019939,8.158474645,14.49947973,59.92674669,8.732385146,10.05225199,1
166,20,28.66097464,6.226763267,7.274440235,56.79080499,8.482333025,8.777925097,1
166,90,33.46710195,8.223023304,8.714591791,61.64942467,9.18489914,9.406236714,1
166,136,31.55378424,5.811364754,7.290743395,59.54111575,8.439775671,9.031113308,1
166,203,30.19803937,9.734373066,13.25248005,56.42832915,7.151413028,10.30652109,1
166,244,33.7744203,14.55230246,14.63024785,58.98026868,11.08086054,8.483360511,1
166,261,32.42653157,8.989483499,12.29456031,61.57132181,11.56941116,9.748741979,1
167,211,34.88556902,6.275784693,7.142091681,58.53880763,7.180898064,9.323992548,3
167,225,34.6923752,9.255029595,11.46169294,61.58131352,7.678064541,9.589301418,1
167,233,34.25970697,6.31195717,9.179477477,56.88298781,8.098759784,11.75006219,1
167,273,31.9859972,7.94430576,9.640755225,59.29421075,10.84365383,12.0058693,1
168,28,31.63971271,8.158502664,10.33610993,59.31660572,7.884994442,9.052193038,1
168,42,29.9369732,9.99400785,10.48473948,58.61632937,18.04210778,12.31155387,1
168,108,32.27208614,6.099140904,10.42146596,58.38419779,9.311769014,10.24404066,3
169,51,30.62611878,8.758817169,11.82772842,59.21515983,11.58246758,12.74094243,1
169,65,32.55128078,8.280462292,10.59728321,62.33774292,9.730846077,10.28639639,1
169,146,31.94941908,6.206669685,7.36483048,56.71291072,7.942868668,8.739988574,1
169,253,NaN,NaN,NaN,NaN,NaN,NaN,1
169,282,29.98183971,9.175497811,12.25004842,56.89258921,7.418052403,9.774658745,1
170,98,31.38148448,6.773718549,10.37245772,61.37961337,15.44211066,12.47933188,1
170,120,31.8729911,12.49369279,13.2444275,60.55298413,10.85801185,12.48774696,1
170,157,31.89487307,8.916844623,9.4580423,57.91505128,13.72906732,8.941676931,1
170,176,32.91476832,9.285749629,11.81240259,57.47173167,10.52337794,13.10478565,1
170,195,33.43178646,6.832502022,9.272409069,58.7157866,8.06321745,10.03799755,1
172,11,29.38426369,15.06145156,11.22307994,NaN,NaN,NaN,1
172,127,31.40225187,10.95356994,15.00575548,59.86072462,12.02960336,10.08689197,1
172,261,34.52448298,7.314105939,8.319828266,64.99147666,13.30604956,9.927875576,1
173,37,29.84788911,13.72001005,12.07747069,56.83824094,12.27977451,13.04997135,1
173,73,31.54092081,7.104997193,8.390873571,60.75917362,9.460655873,10.34917725,1
173,229,32.11633002,7.680619816,9.353122633,60.19482365,10.61686156,10.13641915,1
173,272,31.83559868,8.575731769,11.71451496,59.10286716,16.78439392,13.30381664,1
174,29,30.61866946,7.534905731,7.537949234,58.40195545,9.949515132,9.721339619,3
174,190,34.00338358,8.328296759,8.552905557,63.53530147,11.60546633,10.30566985,1
174,240,32.6716448,13.36505754,12.27655667,59.08758313,7.983722799,10.05899369,1
174,252,35.7224928,10.28450088,7.79061634,59.96069673,17.09336951,10.73424589,3
175,21,31.68363081,7.046734007,7.674293657,57.97363151,7.041169872,7.859510919,1
175,150,31.6025012,12.32510401,11.04572057,57.51216713,8.054522377,8.339773616,1
175,285,32.85253551,7.230941392,9.230070082,60.40641386,10.52164989,13.42040147,1
176,6,31.10084923,7.940981917,12.37965054,58.82265089,9.045829174,9.713285723,1
176,173,33.68914513,6.836634722,8.253906641,62.61485273,7.744710672,9.372538891,1
177,64,32.7587738,8.820781705,13.36848025,60.97279047,11.0234181,16.97935241,3
177,128,30.8540776,8.063036118,11.7056473,56.85249769,7.160873452,10.28352877,1
177,209,32.90405323,11.49912129,11.18771477,62.54338199,13.19606452,13.25999295,1
179,36,29.98013883,8.890049721,10.28242131,59.0095824,8.682036257,7.921340014,1
179,53,31.04364089,9.495085195,10.66316148,60.72866098,11.2105252,10.49212248,1
179,199,31.31033934,8.423275801,11.16899199,55.52455367,8.417147287,9.565180303,1
179,219,32.49730054,8.752121271,8.214274521,63.67433821,7.150359768,7.621916376,1
179,243,32.40322803,8.806053061,11.9522905,60.56422014,16.77666329,13.7454856,1
180,13,30.69402939,6.787461426,9.709100469,57.46439188,8.408544789,9.162352656,1
180,20,31.26505692,9.777502602,7.981872112,59.51518278,19.39263962,8.703153591,1
180,253,32.24636697,15.64130321,11.71408567,58.0762205,11.49126682,11.3997398,1
180,278,31.31867581,10.15229193,15.39064559,59.89840915,8.759983665,10.86099776,1
181,69,30.49706092,7.190378338,9.022972006,61.56177913,7.693896736,8.004539129,1
181,151,32.86958108,6.990435241,8.550995785,57.81741797,12.21533257,9.633517105,1
181,159,30.74920045,10.36369529,10.47167839,56.58900418,8.823663662,7.892385697,1
181,168,31.231336,10.14499903,16.96054073,55.72521368,9.73069237,9.98181035,1
183,45,30.51540609,6.819134385,7.546084641,58.81332486,8.04541152,8.418359394,1
183,191,33.96601131,7.450607435,9.149172368,60.70177638,7.980296737,7.96976476,1
183,271,32.40022919,10.64282086,16.23088009,59.37993899,11.5261645,9.370350936,1
184,34,32.36968857,9.901989802,9.615151856,62.40794096,18.67337196,10.57316885,1
184,132,39.8520425,7.980215426,8.889525738,54.35451566,6.976318196,8.920559079,4
184,181,32.46933541,7.741780659,14.56695598,56.95184395,7.344757794,9.855999939,3
184,289,31.3949332,7.589363577,8.611855949,58.51925733,9.05536032,8.112842548,1
185,60,32.26858439,7.129472199,8.331658861,62.49701989,8.668517174,8.97322048,1
185,220,31.74742893,8.168634239,9.378626858,59.5704301,12.34309819,10.19145049,1
185,242,31.62509225,7.558536601,11.37555279,59.66642397,9.851249743,13.90631591,1
186,51,29.65491792,8.953127758,10.07611762,58.43899519,9.170704987,10.20321131,1
186,94,30.38128489,6.183733556,7.937169542,58.05489295,7.778064318,8.962572797,1
187,115,31.26815637,6.57810022,8.348547758,66.180831,8.907818096,11.47521586,3
187,141,31.69017889,8.09801599,9.965488303,58.85561868,7.835840999,7.946427504,1
187,163,31.83676277,9.411844321,15.10437812,61.98753922,7.345022442,9.822178465,1
187,202,33.92298903,8.044995434,9.378203131,61.50286175,7.727539967,9.933827267,1
188,175,31.89982234,7.84134506,12.41080818,59.60240725,8.668143743,9.436936695,1
189,16,32.27673637,7.564087398,8.012151335,58.80611522,7.709796674,8.203376665,1
189,69,31.33377573,6.94267937,8.585580876,60.89763655,9.765657247,8.554507154,1
189,269,32.74196211,7.920067155,9.064240147,61.80494355,9.079366806,7.535587935,1
191,33,30.68955702,7.037430089,8.259559598,58.34631261,7.830066103,8.666304974,1
191,41,29.93954214,15.03466396,12.13182894,56.78153758,9.931183553,8.574596605,1
191,225,NaN,NaN,NaN,NaN,NaN,NaN,1
191,245,33.9536873,10.77673535,11.86517711,62.99312254,10.54015617,9.02391853,1
192,59,31.92307333,7.580236453,8.559511523,63.08917498,9.421426457,9.950075203,1
192,194,32.55649159,7.386427443,10.83547687,59.95262512,8.827953873,8.995393844,1
192,262,33.14079838,16.65483601,18.47055355,62.68228488,12.19474123,15.65860018,1
193,7,31.89296177,6.956698255,8.813341355,57.88957159,7.775116546,9.326626898,1
193,154,30.38949124,9.780104282,12.72689506,59.03286724,11.45108513,13.17272207,1
193,166,32.05395941,8.154480157,9.495820273,58.41668977,9.852377898,11.3935486,1
193,238,32.39263744,10.81259326,18.21369374,58.09347242,13.63352513,9.898692784,1
193,284,33.86230825,7.948364311,7.507486677,61.69449373,13.32374498,11.13344869,1
194,48,29.87639978,10.27876707,10.3717913,60.41438763,8.801663387,10.25943673,1
195,100,33.00705274,6.129669175,6.994373152,58.98655266,7.461152014,8.691316718,1
195,205,32.68364706,6.817723088,8.610022331,59.91187235,8.27407995,8.888121414,1
195,273,32.69875435,9.802312246,10.33692219,64.09285747,9.959928196,8.684198103,1
196,65,29.70527054,7.731134634,8.991680278,55.23522841,8.565038338,9.068747466,1
196,126,30.86056622,8.503145165,18.07912484,59.52401058,9.519477817,11.02393463,1
197,31,32.64771186,7.569735687,10.52791231,61.62682408,8.820436598,9.21663389,1
197,146,31.21733397,11.76239166,8.419706143,56.06841743,9.493445336,8.130914201,1
197,216,35.04769048,6.886240069,7.578494223,62.85981726,8.860826801,9.183614119,1
197,227,32.54220197,5.760980887,9.964655842,56.2980844,6.82717397,11.04962991,1
198,12,31.25424005,8.614791996,13.84049221,60.84778563,8.822340176,8.887417071,1
198,21,29.92906153,8.940651116,10.45967879,57.03356825,10.18795749,10.10272387,1
198,76,32.91316292,8.315865383,9.316300821,59.67901345,15.2777458,10.00149004,1
198,111,30.68496583,7.550088185,10.29570994,59.76361888,8.707969139,9.45872586,1
198,196,31.55490334,8.527660366,8.503991352,57.40036563,10.9639794,9.626596193,1
198,244,32.90667792,7.630289584,7.782766512,63.14601296,11.39070082,10.12190955,1
199,82,30.89039946,13.01972094,14.54147605,58.31010178,10.8041649,11.08525362,1
199,288,31.94227829,11.19716278,8.948084867,58.64381265,10.53905162,9.938536169,1
200,156,30.98612095,6.308893019,8.879147992,57.21651415,7.548389104,8.547909626,1
200,263,31.83557077,9.004786718,14.57725568,58.90954205,11.92419148,11.19912523,1
201,166,31.4649559,10.76484724,12.4492795,61.28986509,9.647958085,8.864615718,1
201,186,32.92712507,6.834810458,7.642665008,58.53419701,7.150306392,9.186252496,1
201,237,32.10350252,7.194538933,8.503428972,59.81963793,9.120238896,8.881350782,1
202,102,29.91624059,9.305565315,13.34287765,57.57406965,8.317956027,8.745935482,1
202,208,31.5955069,7.207907131,8.75660547,60.678761,10.91969215,13.0882878,1
202,220,33.38367057,8.170604079,8.045635625,62.25103445,16.69521495,11.88041977,1
202,278,32.631729,7.363188891,8.462976802,61.22965015,12.43010911,13.61613028,3
203,30,30.79818491,9.51605957,10.39232104,60.51426566,8.028328689,7.797651782,1
203,38,30.6033978,7.165094149,8.681391725,60.98618426,9.280267109,9.296454841,1
203,53,31.45786966,11.01829763,13.44215594,58.46655593,17.93932364,9.304705612,4
203,252,32.71933489,7.138767737,8.748253357,63.62526783,13.85176779,13.16997963,NaN
203,270,30.60699245,7.373018996,10.53534891,60.60544061,7.527326778,8.2802134,1
204,5,NaN,NaN,NaN,NaN,NaN,NaN,1
204,70,31.43139656,7.237531826,9.819710697,59.23283912,8.725998292,10.07918862,1
204,114,34.5629888,9.329057107,8.45064386,60.67128965,8.297030381,8.534965511,3
204,146,31.33604458,9.134747547,11.4814568,58.02463705,14.39568087,16.33259421,1
205,81,28.9148259,12.24707339,11.35997013,54.72710779,7.328113192,9.431248045,1
205,171,31.81508943,7.274482058,16.52903179,58.42272452,10.18523301,11.21172758,1
205,198,36.12087829,9.230229389,8.366365375,62.25192347,8.086270465,9.354655731,3
206,99,30.34067731,15.09211911,10.20683813,59.22566901,17.08671087,9.823728285,1
206,122,30.7368067,6.916615762,9.012625365,60.39344585,7.98498821,8.423172179,1
206,160,32.80975492,8.21228304,9.580589486,62.51184743,10.07703047,9.094396288,1
206,285,30.87806046,7.183282668,12.21987109,57.56979281,7.034112461,8.000028748,1
207,11,31.0342675,7.464874829,9.334219695,60.91205772,16.51797142,12.48618002,1
207,25,31.85722334,7.847224246,10.824755,61.60170535,12.06417701,16.19915909,1
207,262,32.37741639,6.487981994,9.116809972,60.84299185,6.642718745,9.099360339,1
208,35,30.66653752,17.19484995,13.88137184,61.3376832,13.64801985,11.78596077,1
208,131,29.36773519,7.833620711,11.16992657,58.6946408,9.633673914,15.28335968,1
208,189,32.14041974,9.020125099,8.849522768,59.53370172,9.441094641,9.891377529,1
208,233,31.9801267,8.06925916,9.761292975,59.49876487,16.72204227,13.98366061,1
209,169,32.77795475,10.29596468,7.203065624,60.09479436,15.76971474,10.82393546,1
209,180,31.64728572,9.876608957,12.57162737,59.82542168,8.94793517,7.502216073,1
209,272,32.0240532,8.615492016,11.71828898,62.52161359,8.371018152,8.658526319,1
210,61,33.25423011,6.88845111,8.321778015,57.02902445,15.02552388,13.01910043,3
210,150,30.38035419,13.00495189,16.04298867,58.02780983,7.207929234,9.258860656,1
211,123,30.75928387,8.756259041,9.852635051,58.83257408,7.521192798,7.970759764,1
211,142,31.96315332,8.833618534,14.19050401,59.78596158,8.719811418,11.30110016,1
211,212,30.61986752,11.22587497,10.47375446,59.28531108,10.64674353,10.07231784,1
211,242,30.57193228,8.427574312,10.73663099,57.79046584,8.645048688,8.784790831,1
211,250,30.89179016,5.692224091,9.408307803,60.18027989,8.019493632,8.742321821,1
212,162,31.99397333,14.415771,14.62330559,60.18043923,10.62930615,10.42663372,1
213,104,29.95834338,10.77942598,12.05450067,53.05963647,8.582571258,12.10295976,1
213,280,31.872296,7.217630016,8.663577587,61.04970682,7.679171876,10.11527671,1
214,19,32.52016277,6.731232273,10.04770838,62.68708177,8.65423231,12.72166415,1
214,31,31.03521878,7.254973077,9.935525245,58.49127564,7.977976939,8.941097933,1
214,173,NaN,NaN,NaN,NaN,NaN,NaN,1
214,190,32.76959341,7.978841612,8.522708138,63.01339561,9.293735901,10.5704832,1
214,260,31.05222748,10.28558014,11.44082334,58.27877069,7.437162703,8.981979653,1
215,73,30.9154403,6.372368706,11.04912083,59.29212393,6.082251507,9.207622828,1
215,114,29.73587868,6.719595655,9.175058178,NaN,NaN,NaN,1
215,269,32.03176501,6.049459024,7.065943988,60.53350304,8.840448767,9.456045148,1
216,53,30.24272378,6.826287543,12.89038739,57.27425432,8.422258923,9.972839229,1
216,87,29.17735192,6.625282472,9.512410144,55.12218288,9.381723393,12.9541996,1
216,232,34.00098541,6.585710007,7.737787832,62.75047437,9.006296574,12.1654071,1
217,23,32.21178202,10.42019529,9.204309387,62.09270594,13.23096502,11.08562913,1
217,64,32.79492185,6.409345266,8.61331745,60.61488101,6.957707998,8.941836986,1
217,155,32.14021412,7.699254258,12.50031332,60.71351456,7.480414357,9.077069997,1
217,164,31.94917663,7.224259616,7.726715973,58.31054751,10.82394246,10.80207199,1
217,206,30.72458362,8.339349254,11.86810643,58.81867121,9.214410068,11.00748711,1
218,135,31.83816743,6.470881413,7.548705103,59.24912449,8.472284923,9.850749352,1
219,78,29.96488389,5.999969194,11.03279594,55.94666398,7.167774604,10.61137215,1
220,96,33.56325093,8.208358797,11.46118331,59.0942261,7.849386316,11.33574189,3
220,213,30.29011118,7.782426854,11.06816556,57.84451997,15.84889134,15.25922596,1
220,260,31.30847429,8.229269512,9.664988479,58.53809818,13.07265681,10.04641159,1
221,6,31.79204876,9.182294169,12.18802577,59.71642916,8.212624234,9.473256916,1
221,127,30.16605864,9.02036225,11.12194406,58.38130904,7.932575322,11.09345158,1
221,171,34.82172753,7.763558814,10.24656669,60.86762869,7.654105977,10.41473742,3
221,188,32.12156553,8.364457833,11.26355492,59.05711003,7.872540024,11.1208061,1
221,198,31.07632585,9.01962211,15.06087743,58.59429914,10.18774455,13.22862376,1
222,29,30.17093459,8.588531058,13.67056065,57.56324642,8.750238482,10.07893399,1
222,89,32.73675579,7.265652348,9.713952918,58.75537693,5.930140334,7.324614271,1
222,156,31.76135877,9.054709651,9.695940305,61.56179169,12.96400052,8.120085679,1
223,20,32.83354015,8.193406411,9.070497117,62.08027268,8.429911698,8.464881385,1
223,48,30.45443343,6.676827169,8.051670449,55.79232284,8.446338769,8.592890889,4
223,233,33.20310904,12.34773846,9.84865913,61.17819304,9.650149426,10.9561515,1
223,248,32.34045838,8.52600939,10.5178115,59.86535887,7.92138555,8.961097154,1
224,79,29.7763727,7.967383718,10.13165339,57.52434206,12.0240342,8.54068344,1
224,206,30.96619333,7.415742206,9.751177962,59.71081465,8.126785206,7.937899397,1
224,282,30.39642849,9.12713339,11.58330051,56.46735677,9.701283285,10.04382233,1
225,39,31.40042647,8.994353042,12.63994163,NaN,NaN,NaN,1
225,113,30.48059979,7.696099855,11.50605693,59.67328679,10.81940554,10.51175789,1
225,134,34.68205347,8.724237738,9.56088659,62.31852793,12.22000895,8.876190237,1
225,165,33.7010321,11.82583487,18.44252319,58.90960488,7.991129502,15.15247059,1
225,178,32.60585372,5.986727788,8.774577957,57.99075053,6.893152602,9.145923376,1
226,11,31.73192845,19.71263488,18.9321676,61.06833501,8.773598842,9.751096656,1
226,190,31.91646087,10.97378711,8.96106985,60.62091033,10.18984709,8.894232122,1
226,252,30.52103169,8.526683385,10.11409308,59.3512867,11.93855675,16.49295535,1
227,29,32.92878555,7.150542626,8.813503045,62.93011304,11.61373825,9.943690529,1
227,56,30.9052697,7.58341471,10.47030502,56.15325442,6.323435751,9.907891812,1
228,68,30.62422044,7.122863821,12.89846764,56.67272182,6.332001709,10.75634178,1
228,86,29.51030981,14.03088641,11.90598388,58.9365914,9.686515907,10.11423545,1
229,19,32.6269696,7.558874384,7.658931351,58.65257856,8.888252062,9.640500769,3
229,35,32.18816666,8.417576362,9.90073364,62.81419608,8.81795706,12.10022018,1
229,76,31.79025279,12.44827213,10.51731398,59.61833789,8.384221586,11.67512301,1
229,198,32.02322559,6.484134709,8.655865644,58.97203826,7.543356303,8.356084789,1
229,243,31.2702017,8.65235628,10.17320304,58.49819194,10.24963793,11.86752457,1
229,277,31.10447141,9.273058386,11.2798564,55.17762753,11.36350042,12.17090579,NaN
230,117,29.67963594,8.680427019,11.28494142,58.65506313,15.70030538,16.54654182,1
230,126,31.07803084,7.58043906,10.80382556,58.1804706,16.87132882,13.08131038,1
231,98,30.3759997,12.39146147,16.02799465,59.91241682,9.481163993,9.667690562,1
231,146,31.59026123,5.891522034,7.838456949,61.38213268,9.192837866,18.18565513,1
231,258,30.51816217,10.15868613,12.67831257,54.79033748,8.308538336,8.609344568,1
233,106,32.54214683,7.697975927,9.363932887,59.93590268,8.272780395,9.228714676,1
233,172,32.11752817,6.470344146,7.732372392,60.07738157,7.824089773,8.656443058,1
233,189,34.28779082,6.473821374,6.524723104,60.34142901,7.533108745,7.937142887,1
233,222,33.58067259,8.330000991,12.52882146,62.05983681,8.989410224,10.96781151,1
233,231,31.69350462,7.211612096,9.042770349,57.73035401,7.3127411,9.923205437,1
233,268,32.01990935,7.541075234,8.872158738,59.11234664,10.78371771,10.2929806,1
234,208,34.89688632,7.00055762,9.330256086,60.43236627,8.812312507,11.01864443,3
235,42,32.65274191,6.246323472,8.333769662,59.17038518,7.74058497,9.937770363,1
235,66,31.78287795,6.586123926,9.663541018,61.85848412,10.38595281,11.7148976,1
235,77,29.31473243,10.46056478,10.89353854,57.67771143,9.587310289,9.32076485,1
236,18,30.72609767,6.68862275,11.51046799,56.52202599,7.497964339,10.45094433,1
236,131,31.42713608,7.866915458,10.09769713,60.28437003,8.192757002,8.641978188,1
236,154,33.67934778,8.024174022,8.845912355,58.02198692,9.063348384,9.642916485,3
236,198,31.80540729,8.166871768,8.64095769,58.74514766,9.363463121,9.406171721,1
236,275,32.85157887,13.93102236,15.56076581,60.48048908,8.203144078,10.09118445,1
237,9,32.35270856,9.829102445,14.50374354,59.21575594,8.632238894,10.22509673,1
237,33,32.38219656,7.25318364,8.571824769,63.5492326,9.013697855,9.784570509,1
237,100,30.27985768,8.469482542,15.62416655,60.25011581,8.151746089,9.46354208,1
237,120,31.57643978,6.761908166,7.957586161,57.39768446,7.085852417,8.513377081,1
237,250,35.55275985,7.690936257,9.197184172,64.54999247,9.758070561,11.55209062,3
133.3702479,88.33553719,30.07339826,11.01686594,13.15548386,58.87666952,13.33455481,12.21572305,1
78.94380165,257.446281,31.10024523,8.895490681,8.906239725,56.38566313,11.45117065,11.18334989,1
62.66446281,243.353719,31.0771016,6.993403143,9.49607275,59.33678816,10.60248225,12.84501404,1
100.8115702,161.9570248,NaN,NaN,NaN,NaN,NaN,NaN,3
215.356405,220.3882231,31.90390176,8.361103156,11.48145299,61.9391404,9.551180418,9.74281285,1
20.1588843,113.7840909,31.32814151,8.208277031,13.49547902,55.66087795,10.89502978,15.05414278,1
30.62458678,26.89442149,32.39544973,7.790097152,9.278163438,56.98308345,8.951180617,13.33181883,1
144.7737603,101.371281,32.93515567,7.494512708,8.968266905,64.03005231,11.36813403,11.30079824,1
191.5043388,107.6993802,30.20289193,8.564292012,19.95480064,55.555392,9.121800859,11.61517916,1